true_label,predicted_label,inference_time,correct
dangerous fire,no fire,4.201186180114746,False
controlled fire,controlled fire,1.326735019683838,True
controlled fire,no fire,1.3890140056610107,False
controlled fire,controlled fire,1.1928763389587402,True
no fire,no fire,1.0155909061431885,True
controlled fire,controlled fire,1.4572997093200684,True
no fire,controlled fire,1.228689432144165,False
controlled fire,no fire,1.1442224979400635,False
controlled fire,controlled fire,1.6403915882110596,True
no fire,controlled fire,1.669433832168579,False
dangerous fire,no fire,1.5224804878234863,False
controlled fire,controlled fire,1.5970053672790527,True
controlled fire,no fire,1.825052261352539,False
controlled fire,controlled fire,1.3670883178710938,True
controlled fire,no fire,0.7704637050628662,False
dangerous fire,no fire,1.3748109340667725,False
controlled fire,no fire,1.42057466506958,False
no fire,no fire,1.3381273746490479,True
no fire,no fire,0.7747504711151123,True
dangerous fire,dangerous fire,1.6886391639709473,True
no fire,controlled fire,1.1063120365142822,False
no fire,no fire,0.6532630920410156,True
controlled fire,controlled fire,1.9270656108856201,True
controlled fire,controlled fire,1.6073932647705078,True
no fire,no fire,1.4296324253082275,True
controlled fire,no fire,1.8511452674865723,False
controlled fire,controlled fire,1.3607289791107178,True
no fire,no fire,1.6019244194030762,True
dangerous fire,no fire,1.6930503845214844,False
dangerous fire,no fire,1.651428461074829,False
controlled fire,no fire,1.643364667892456,False
controlled fire,controlled fire,1.6167593002319336,True
no fire,no fire,1.5864226818084717,True
dangerous fire,controlled fire,1.442676067352295,False
controlled fire,no fire,1.47200608253479,False
dangerous fire,no fire,1.783050537109375,False
dangerous fire,no fire,2.002903699874878,False
controlled fire,controlled fire,1.1145429611206055,True
dangerous fire,no fire,1.076815128326416,False
no fire,no fire,1.0505857467651367,True
controlled fire,no fire,1.3649647235870361,False
no fire,no fire,1.5504355430603027,True
controlled fire,no fire,1.7344772815704346,False
controlled fire,no fire,1.6982567310333252,False
no fire,no fire,1.0678467750549316,True
controlled fire,no fire,1.7511160373687744,False
controlled fire,no fire,1.4164574146270752,False
no fire,no fire,1.5207006931304932,True
controlled fire,controlled fire,1.6256885528564453,True
controlled fire,controlled fire,1.985971450805664,True
controlled fire,controlled fire,1.5598711967468262,True
controlled fire,no fire,1.1057987213134766,False
controlled fire,no fire,1.9330401420593262,False
controlled fire,no fire,1.2885849475860596,False
controlled fire,no fire,1.2644233703613281,False
controlled fire,no fire,1.8019146919250488,False
controlled fire,no fire,1.5336713790893555,False
controlled fire,no fire,1.5098984241485596,False
controlled fire,no fire,1.4273042678833008,False
controlled fire,controlled fire,1.179483413696289,True
controlled fire,no fire,1.8434453010559082,False
controlled fire,no fire,1.3771872520446777,False
controlled fire,no fire,1.5546720027923584,False
controlled fire,no fire,1.6923506259918213,False
controlled fire,controlled fire,1.769355297088623,True
controlled fire,no fire,1.549926519393921,False
no fire,no fire,1.2720112800598145,True
no fire,no fire,1.3434314727783203,True
dangerous fire,no fire,1.4686222076416016,False
controlled fire,no fire,1.7630879878997803,False
controlled fire,no fire,1.8064556121826172,False
controlled fire,no fire,1.3416786193847656,False
dangerous fire,controlled fire,1.7881431579589844,False
dangerous fire,controlled fire,1.5743322372436523,False
controlled fire,no fire,1.4700005054473877,False
no fire,no fire,1.1087768077850342,True
dangerous fire,controlled fire,1.4853103160858154,False
no fire,controlled fire,1.0556130409240723,False
controlled fire,no fire,1.6799182891845703,False
no fire,no fire,1.2670001983642578,True
controlled fire,no fire,1.0970072746276855,False
no fire,no fire,1.4038012027740479,True
no fire,no fire,1.6413466930389404,True
controlled fire,no fire,1.0780603885650635,False
no fire,controlled fire,0.9849469661712646,False
controlled fire,controlled fire,1.0925910472869873,True
controlled fire,no fire,1.427107334136963,False
no fire,no fire,0.8245580196380615,True
controlled fire,controlled fire,1.2840778827667236,True
no fire,no fire,1.4290134906768799,True
no fire,no fire,1.1995675563812256,True
controlled fire,no fire,1.3953568935394287,False
controlled fire,no fire,1.2682197093963623,False
no fire,controlled fire,1.680112361907959,False
controlled fire,controlled fire,1.4030225276947021,True
controlled fire,no fire,1.046215295791626,False
no fire,no fire,1.2204673290252686,True
no fire,no fire,1.1475446224212646,True
no fire,no fire,1.4263644218444824,True
no fire,no fire,0.7791082859039307,True
controlled fire,no fire,1.559349536895752,False
controlled fire,no fire,1.308922290802002,False
controlled fire,no fire,1.453411340713501,False
controlled fire,controlled fire,1.1913180351257324,True
no fire,no fire,1.2170016765594482,True
dangerous fire,dangerous fire,1.7962875366210938,True
controlled fire,no fire,1.5803558826446533,False
dangerous fire,no fire,1.0875160694122314,False
controlled fire,no fire,1.2933828830718994,False
controlled fire,no fire,1.4029452800750732,False
no fire,no fire,1.4167823791503906,True
no fire,no fire,1.3300955295562744,True
controlled fire,controlled fire,1.6033668518066406,True
no fire,no fire,1.5464651584625244,True
dangerous fire,no fire,1.587111234664917,False
dangerous fire,dangerous fire,1.730140209197998,True
dangerous fire,no fire,1.4074795246124268,False
controlled fire,no fire,0.9130382537841797,False
dangerous fire,dangerous fire,1.551076889038086,True
controlled fire,no fire,1.081641435623169,False
no fire,no fire,0.806243896484375,True
controlled fire,controlled fire,1.9242022037506104,True
controlled fire,no fire,1.7094342708587646,False
controlled fire,no fire,1.1368420124053955,False
controlled fire,no fire,1.5537350177764893,False
controlled fire,no fire,1.0756502151489258,False
controlled fire,no fire,1.5502493381500244,False
controlled fire,controlled fire,1.073502779006958,True
controlled fire,no fire,1.5897223949432373,False
controlled fire,no fire,1.7260236740112305,False
no fire,no fire,1.0565028190612793,True
controlled fire,controlled fire,1.5289223194122314,True
controlled fire,no fire,1.1647040843963623,False
controlled fire,no fire,0.6912622451782227,False
controlled fire,no fire,1.6079938411712646,False
no fire,controlled fire,1.2075488567352295,False
no fire,no fire,1.1986567974090576,True
controlled fire,no fire,1.2461109161376953,False
controlled fire,no fire,1.6516354084014893,False
controlled fire,no fire,1.0359454154968262,False
no fire,no fire,1.2902212142944336,True
dangerous fire,no fire,1.4752440452575684,False
controlled fire,controlled fire,1.5327496528625488,True
no fire,no fire,1.4389338493347168,True
controlled fire,controlled fire,1.6742877960205078,True
no fire,controlled fire,1.6992335319519043,False
no fire,no fire,0.993283748626709,True
dangerous fire,dangerous fire,1.421635627746582,True
no fire,no fire,1.7443864345550537,True
controlled fire,no fire,0.8616127967834473,False
controlled fire,no fire,1.650010108947754,False
no fire,no fire,1.640568733215332,True
controlled fire,controlled fire,1.446254014968872,True
no fire,no fire,1.623884677886963,True
controlled fire,no fire,1.3597328662872314,False
controlled fire,controlled fire,0.7454276084899902,True
no fire,no fire,1.545412540435791,True
controlled fire,controlled fire,1.563558578491211,True
no fire,no fire,1.1381127834320068,True
controlled fire,no fire,1.5473146438598633,False
no fire,controlled fire,1.039144515991211,False
no fire,no fire,1.0762007236480713,True
dangerous fire,controlled fire,1.2213773727416992,False
controlled fire,controlled fire,1.7599191665649414,True
controlled fire,controlled fire,1.5263028144836426,True
controlled fire,no fire,1.4558939933776855,False
no fire,no fire,1.3089854717254639,True
controlled fire,controlled fire,1.0268497467041016,True
controlled fire,no fire,1.0180251598358154,False
controlled fire,no fire,1.5020320415496826,False
controlled fire,no fire,0.8390014171600342,False
controlled fire,controlled fire,1.5321323871612549,True
controlled fire,no fire,1.7904584407806396,False
controlled fire,controlled fire,1.7343218326568604,True
controlled fire,no fire,1.785092830657959,False
controlled fire,no fire,2.031881093978882,False
controlled fire,no fire,1.5520329475402832,False
no fire,no fire,1.606429100036621,True
controlled fire,no fire,1.6292009353637695,False
controlled fire,controlled fire,1.1873414516448975,True
no fire,no fire,1.738814353942871,True
controlled fire,no fire,1.9473538398742676,False
controlled fire,controlled fire,1.840834617614746,True
no fire,no fire,1.7994117736816406,True
controlled fire,no fire,1.2037677764892578,False
no fire,no fire,1.2646517753601074,True
controlled fire,controlled fire,1.6468541622161865,True
no fire,no fire,1.5584838390350342,True
controlled fire,no fire,1.7836670875549316,False
controlled fire,dangerous fire,1.8884270191192627,False
controlled fire,no fire,1.9984180927276611,False
no fire,no fire,1.7178213596343994,True
controlled fire,no fire,1.3648295402526855,False
dangerous fire,controlled fire,1.7106819152832031,False
no fire,no fire,1.1790614128112793,True
no fire,no fire,1.1508524417877197,True
controlled fire,no fire,2.195612668991089,False
dangerous fire,controlled fire,1.3363006114959717,False
no fire,no fire,1.4105916023254395,True
controlled fire,controlled fire,1.4845778942108154,True
no fire,no fire,1.2083156108856201,True
no fire,no fire,1.7689025402069092,True
no fire,no fire,1.3644256591796875,True
controlled fire,no fire,2.0601871013641357,False
no fire,controlled fire,1.5764732360839844,False
no fire,no fire,1.5015974044799805,True
no fire,no fire,1.738537311553955,True
controlled fire,no fire,1.6603209972381592,False
no fire,no fire,1.2268593311309814,True
no fire,no fire,1.6909844875335693,True
controlled fire,no fire,1.518627643585205,False
controlled fire,no fire,1.5997552871704102,False
controlled fire,no fire,1.781883716583252,False
no fire,no fire,1.418581485748291,True
no fire,no fire,1.412656307220459,True
controlled fire,controlled fire,1.0288283824920654,True
no fire,no fire,1.6820547580718994,True
dangerous fire,no fire,1.96211838722229,False
no fire,no fire,1.6125092506408691,True
no fire,no fire,1.588543176651001,True
no fire,no fire,1.6559510231018066,True
dangerous fire,dangerous fire,1.6835250854492188,True
controlled fire,no fire,1.5116546154022217,False
controlled fire,no fire,1.4318597316741943,False
controlled fire,no fire,1.3473503589630127,False
controlled fire,controlled fire,0.9023118019104004,True
no fire,no fire,1.7361068725585938,True
no fire,no fire,1.650942087173462,True
controlled fire,no fire,1.6119728088378906,False
controlled fire,no fire,1.3107125759124756,False
controlled fire,no fire,1.2646234035491943,False
controlled fire,controlled fire,1.674799919128418,True
no fire,no fire,1.6850273609161377,True
controlled fire,no fire,0.7226724624633789,False
no fire,no fire,1.164158821105957,True
controlled fire,no fire,1.7036123275756836,False
no fire,no fire,1.5855865478515625,True
controlled fire,no fire,1.3943932056427002,False
no fire,no fire,1.7768657207489014,True
no fire,no fire,1.2704944610595703,True
dangerous fire,no fire,1.775519609451294,False
controlled fire,no fire,1.5967857837677002,False
no fire,no fire,1.4908218383789062,True
controlled fire,controlled fire,0.8418941497802734,True
controlled fire,controlled fire,1.4769625663757324,True
no fire,no fire,1.6343865394592285,True
no fire,no fire,0.9392588138580322,True
controlled fire,dangerous fire,1.4688637256622314,False
controlled fire,no fire,1.3251192569732666,False
controlled fire,no fire,1.7551813125610352,False
dangerous fire,no fire,1.617128610610962,False
no fire,controlled fire,1.1962454319000244,False
no fire,controlled fire,1.6286540031433105,False
controlled fire,controlled fire,1.4731130599975586,True
controlled fire,no fire,1.6148865222930908,False
controlled fire,no fire,1.6861071586608887,False
dangerous fire,dangerous fire,1.4853506088256836,True
no fire,no fire,1.2109854221343994,True
no fire,controlled fire,1.7148523330688477,False
controlled fire,no fire,1.6519386768341064,False
no fire,controlled fire,1.5877070426940918,False
dangerous fire,controlled fire,1.474895715713501,False
controlled fire,no fire,1.319972038269043,False
controlled fire,controlled fire,1.35908842086792,True
controlled fire,no fire,1.5299856662750244,False
controlled fire,no fire,1.180647373199463,False
no fire,controlled fire,1.185776710510254,False
controlled fire,no fire,1.2900488376617432,False
dangerous fire,controlled fire,1.45859694480896,False
controlled fire,no fire,1.3311772346496582,False
no fire,controlled fire,1.6368401050567627,False
no fire,no fire,0.79994797706604,True
dangerous fire,dangerous fire,1.6489994525909424,True
controlled fire,no fire,1.485624074935913,False
controlled fire,dangerous fire,1.2367284297943115,False
no fire,no fire,1.0512878894805908,True
controlled fire,no fire,1.1072793006896973,False
dangerous fire,dangerous fire,1.389439344406128,True
no fire,controlled fire,1.107001543045044,False
dangerous fire,controlled fire,1.245903730392456,False
dangerous fire,no fire,1.6971452236175537,False
no fire,no fire,1.058485507965088,True
controlled fire,no fire,1.121077060699463,False
controlled fire,no fire,1.6945099830627441,False
controlled fire,no fire,1.446793794631958,False
controlled fire,no fire,1.467130422592163,False
controlled fire,controlled fire,1.5698668956756592,True
no fire,no fire,1.4105842113494873,True
no fire,no fire,1.4871313571929932,True
controlled fire,no fire,1.9150547981262207,False
controlled fire,controlled fire,1.298877239227295,True
no fire,no fire,1.2832059860229492,True
controlled fire,no fire,1.6551194190979004,False
controlled fire,controlled fire,1.3878164291381836,True
dangerous fire,no fire,1.6502461433410645,False
controlled fire,no fire,0.7222621440887451,False
no fire,no fire,1.1897318363189697,True
no fire,no fire,1.2252380847930908,True
controlled fire,no fire,1.2608060836791992,False
dangerous fire,dangerous fire,1.6384522914886475,True
no fire,no fire,1.2355828285217285,True
no fire,no fire,1.4711103439331055,True
dangerous fire,no fire,1.556152105331421,False
dangerous fire,no fire,1.5020842552185059,False
controlled fire,no fire,1.079286813735962,False
controlled fire,no fire,1.8637843132019043,False
controlled fire,no fire,1.6248621940612793,False
controlled fire,controlled fire,1.7327256202697754,True
no fire,no fire,1.063875675201416,True
controlled fire,controlled fire,0.7390317916870117,True
controlled fire,no fire,1.6868762969970703,False
no fire,controlled fire,1.7193427085876465,False
controlled fire,no fire,1.457202672958374,False
controlled fire,no fire,1.5119433403015137,False
no fire,no fire,1.4261064529418945,True
controlled fire,no fire,1.2446086406707764,False
no fire,controlled fire,1.2942895889282227,False
no fire,no fire,1.0096898078918457,True
no fire,no fire,1.4808154106140137,True
controlled fire,no fire,1.4273591041564941,False
controlled fire,no fire,1.0208053588867188,False
controlled fire,no fire,0.9870045185089111,False
controlled fire,no fire,0.5017471313476562,False
controlled fire,no fire,4.069407939910889,False
controlled fire,no fire,1.536797046661377,False
controlled fire,no fire,1.177037000656128,False
controlled fire,no fire,1.0943820476531982,False
controlled fire,no fire,1.2879135608673096,False
no fire,no fire,1.2985928058624268,True
no fire,no fire,1.2422032356262207,True
controlled fire,controlled fire,1.2861535549163818,True
controlled fire,no fire,0.8969645500183105,False
controlled fire,no fire,1.2599132061004639,False
no fire,no fire,1.138944149017334,True
controlled fire,controlled fire,1.6081759929656982,True
no fire,no fire,1.1450600624084473,True
controlled fire,no fire,1.620786428451538,False
dangerous fire,dangerous fire,1.6690490245819092,True
controlled fire,controlled fire,0.8393621444702148,True
controlled fire,no fire,0.875744104385376,False
controlled fire,no fire,1.2987396717071533,False
controlled fire,controlled fire,1.1190671920776367,True
controlled fire,no fire,1.4239139556884766,False
no fire,no fire,1.0530824661254883,True
controlled fire,no fire,1.4828448295593262,False
controlled fire,no fire,0.9276807308197021,False
no fire,controlled fire,1.4795029163360596,False
controlled fire,no fire,1.7896273136138916,False
controlled fire,no fire,1.6761260032653809,False
no fire,no fire,1.631157398223877,True
no fire,no fire,1.04736328125,True
no fire,no fire,1.3953464031219482,True
no fire,no fire,1.4262113571166992,True
controlled fire,controlled fire,1.497987985610962,True
controlled fire,no fire,1.6480371952056885,False
controlled fire,no fire,1.677309274673462,False
dangerous fire,controlled fire,1.661750078201294,False
no fire,no fire,1.7765045166015625,True
no fire,no fire,1.2231395244598389,True
no fire,no fire,1.1670081615447998,True
controlled fire,controlled fire,1.4735455513000488,True
no fire,no fire,1.5843396186828613,True
no fire,no fire,1.393522024154663,True
controlled fire,controlled fire,1.3982629776000977,True
no fire,no fire,0.6480104923248291,True
no fire,no fire,1.7226262092590332,True
controlled fire,controlled fire,1.457651138305664,True
controlled fire,controlled fire,0.930919885635376,True
dangerous fire,dangerous fire,1.2998764514923096,True
controlled fire,no fire,1.6244511604309082,False
controlled fire,controlled fire,1.5553929805755615,True
dangerous fire,no fire,1.5241966247558594,False
controlled fire,no fire,1.7634282112121582,False
controlled fire,no fire,1.138258934020996,False
controlled fire,no fire,1.1121821403503418,False
controlled fire,no fire,1.4637396335601807,False
controlled fire,no fire,1.4800310134887695,False
controlled fire,no fire,0.8443911075592041,False
controlled fire,no fire,1.1497468948364258,False
no fire,no fire,1.1784942150115967,True
no fire,no fire,1.5460383892059326,True
dangerous fire,controlled fire,1.5445425510406494,False
no fire,no fire,1.2140812873840332,True
controlled fire,no fire,1.009056806564331,False
controlled fire,no fire,1.4240925312042236,False
no fire,no fire,1.8421952724456787,True
no fire,controlled fire,1.1246638298034668,False
no fire,no fire,1.0615596771240234,True
no fire,no fire,1.5293266773223877,True
no fire,no fire,1.4302546977996826,True
no fire,no fire,1.63741135597229,True
dangerous fire,dangerous fire,1.4336557388305664,True
controlled fire,no fire,1.0403876304626465,False
no fire,no fire,1.4907097816467285,True
no fire,no fire,1.7291066646575928,True
no fire,no fire,1.719238042831421,True
no fire,no fire,1.7490875720977783,True
controlled fire,controlled fire,1.7559959888458252,True
controlled fire,controlled fire,1.5730254650115967,True
controlled fire,controlled fire,1.6070060729980469,True
controlled fire,controlled fire,1.620701551437378,True
controlled fire,controlled fire,1.6005094051361084,True
no fire,no fire,1.6763439178466797,True
no fire,no fire,1.6688408851623535,True
no fire,no fire,1.502971887588501,True
controlled fire,no fire,1.3908991813659668,False
controlled fire,no fire,0.8631141185760498,False
dangerous fire,controlled fire,1.4864552021026611,False
dangerous fire,dangerous fire,1.6053659915924072,True
controlled fire,no fire,0.856173038482666,False
controlled fire,no fire,1.4035322666168213,False
no fire,no fire,1.618238925933838,True
no fire,no fire,1.387854814529419,True
controlled fire,controlled fire,1.2886300086975098,True
dangerous fire,no fire,1.4002525806427002,False
dangerous fire,controlled fire,1.486016035079956,False
no fire,no fire,1.4538590908050537,True
controlled fire,no fire,1.487929105758667,False
dangerous fire,no fire,0.7849936485290527,False
dangerous fire,dangerous fire,1.488692283630371,True
no fire,controlled fire,1.7259056568145752,False
no fire,no fire,1.107555627822876,True
controlled fire,no fire,1.0536880493164062,False
controlled fire,controlled fire,0.8836333751678467,True
controlled fire,no fire,1.0011017322540283,False
no fire,no fire,1.0731415748596191,True
no fire,no fire,0.8860077857971191,True
controlled fire,controlled fire,1.388913869857788,True
controlled fire,no fire,1.2044546604156494,False
no fire,no fire,1.152073621749878,True
no fire,no fire,1.0614733695983887,True
no fire,no fire,0.7317118644714355,True
controlled fire,controlled fire,1.3227484226226807,True
controlled fire,no fire,1.1520719528198242,False
no fire,no fire,1.2726948261260986,True
dangerous fire,no fire,1.646047830581665,False
controlled fire,controlled fire,1.6064949035644531,True
no fire,no fire,1.0985558032989502,True
controlled fire,controlled fire,1.674323558807373,True
no fire,no fire,1.0976626873016357,True
no fire,controlled fire,1.8146367073059082,False
dangerous fire,no fire,1.4741082191467285,False
controlled fire,no fire,1.5068368911743164,False
no fire,controlled fire,0.9206686019897461,False
controlled fire,no fire,1.8577196598052979,False
no fire,no fire,1.6008415222167969,True
controlled fire,no fire,1.7512128353118896,False
controlled fire,no fire,1.5444591045379639,False
dangerous fire,no fire,1.5697839260101318,False
dangerous fire,no fire,1.02663254737854,False
no fire,no fire,1.673912525177002,True
dangerous fire,controlled fire,1.4320759773254395,False
controlled fire,controlled fire,1.3071622848510742,True
controlled fire,controlled fire,1.4060463905334473,True
controlled fire,no fire,0.716428279876709,False
dangerous fire,dangerous fire,1.6070055961608887,True
controlled fire,controlled fire,1.408611536026001,True
dangerous fire,dangerous fire,1.7702488899230957,True
no fire,no fire,1.4309756755828857,True
controlled fire,no fire,1.558568000793457,False
no fire,no fire,1.0460963249206543,True
controlled fire,no fire,1.097510576248169,False
no fire,no fire,1.2127041816711426,True
no fire,no fire,1.3578307628631592,True
controlled fire,no fire,1.4683468341827393,False
controlled fire,no fire,1.082521677017212,False
controlled fire,no fire,1.2880876064300537,False
dangerous fire,controlled fire,1.3113234043121338,False
controlled fire,no fire,1.3401925563812256,False
no fire,controlled fire,1.3296847343444824,False
controlled fire,controlled fire,1.8026902675628662,True
no fire,no fire,1.561910629272461,True
controlled fire,no fire,0.7471110820770264,False
no fire,controlled fire,1.5927519798278809,False
dangerous fire,dangerous fire,0.7659056186676025,True
controlled fire,controlled fire,1.0459182262420654,True
controlled fire,no fire,0.8415310382843018,False
controlled fire,no fire,1.6794166564941406,False
controlled fire,no fire,0.911841630935669,False
controlled fire,no fire,1.5826547145843506,False
controlled fire,controlled fire,1.0214259624481201,True
no fire,no fire,1.3540723323822021,True
no fire,no fire,1.5989933013916016,True
no fire,controlled fire,1.5515639781951904,False
no fire,controlled fire,1.135408878326416,False
controlled fire,controlled fire,0.8683109283447266,True
controlled fire,no fire,1.349050521850586,False
controlled fire,no fire,0.8271751403808594,False
controlled fire,dangerous fire,1.6529059410095215,False
controlled fire,dangerous fire,1.5682010650634766,False
controlled fire,no fire,1.2276926040649414,False
no fire,no fire,1.4507436752319336,True
controlled fire,no fire,1.5622367858886719,False
dangerous fire,controlled fire,1.2177343368530273,False
no fire,no fire,1.507185459136963,True
no fire,no fire,1.0251977443695068,True
controlled fire,no fire,1.7476367950439453,False
controlled fire,no fire,1.6490654945373535,False
no fire,no fire,0.8328065872192383,True
controlled fire,no fire,1.5672290325164795,False
controlled fire,no fire,1.4587187767028809,False
controlled fire,no fire,1.4378962516784668,False
no fire,no fire,1.3894133567810059,True
no fire,no fire,1.097557783126831,True
controlled fire,no fire,1.6438744068145752,False
controlled fire,no fire,1.2484211921691895,False
no fire,no fire,1.5209805965423584,True
no fire,no fire,0.9488933086395264,True
dangerous fire,dangerous fire,1.593945026397705,True
dangerous fire,dangerous fire,1.7474887371063232,True
controlled fire,controlled fire,1.0829715728759766,True
no fire,no fire,1.1924564838409424,True
no fire,no fire,1.3471546173095703,True
controlled fire,controlled fire,1.4722695350646973,True
controlled fire,no fire,1.4382660388946533,False
dangerous fire,no fire,1.7391941547393799,False
no fire,no fire,1.534872055053711,True
controlled fire,no fire,1.7758715152740479,False
controlled fire,controlled fire,1.1239075660705566,True
no fire,no fire,0.8924882411956787,True
controlled fire,no fire,1.6677989959716797,False
no fire,controlled fire,1.6855957508087158,False
no fire,no fire,1.5076653957366943,True
controlled fire,no fire,1.0308964252471924,False
no fire,no fire,1.2204627990722656,True
controlled fire,no fire,1.4813287258148193,False
controlled fire,controlled fire,1.7486844062805176,True
controlled fire,no fire,1.6695148944854736,False
dangerous fire,no fire,1.694284200668335,False
no fire,no fire,1.5422940254211426,True
no fire,no fire,1.6902565956115723,True
controlled fire,controlled fire,1.7526001930236816,True
no fire,no fire,1.6177623271942139,True
no fire,no fire,1.861478567123413,True
no fire,no fire,1.096477746963501,True
no fire,no fire,1.9558179378509521,True
controlled fire,controlled fire,1.8131780624389648,True
controlled fire,no fire,0.8512563705444336,False
no fire,no fire,1.767120361328125,True
dangerous fire,no fire,1.2162532806396484,False
no fire,no fire,1.680222511291504,True
no fire,controlled fire,1.6465427875518799,False
controlled fire,controlled fire,1.0942955017089844,True
controlled fire,no fire,1.5421524047851562,False
no fire,no fire,1.4234910011291504,True
controlled fire,controlled fire,1.588895320892334,True
controlled fire,no fire,1.4203386306762695,False
no fire,no fire,1.3605079650878906,True
controlled fire,no fire,0.8878462314605713,False
controlled fire,no fire,1.477585792541504,False
controlled fire,no fire,1.6729393005371094,False
dangerous fire,no fire,1.4277777671813965,False
controlled fire,no fire,1.028444528579712,False
no fire,controlled fire,1.217099905014038,False
no fire,no fire,1.73760986328125,True
no fire,no fire,0.969003438949585,True
controlled fire,no fire,1.1511318683624268,False
controlled fire,no fire,1.8002851009368896,False
no fire,no fire,1.0930986404418945,True
no fire,no fire,1.6727712154388428,True
no fire,no fire,1.3101909160614014,True
no fire,no fire,1.5469276905059814,True
dangerous fire,no fire,1.6147971153259277,False
controlled fire,no fire,1.7096350193023682,False
controlled fire,no fire,1.6498420238494873,False
controlled fire,controlled fire,1.8664495944976807,True
no fire,no fire,1.821666955947876,True
controlled fire,no fire,1.4596219062805176,False
controlled fire,no fire,1.064739465713501,False
controlled fire,controlled fire,1.4651172161102295,True
controlled fire,controlled fire,1.405125617980957,True
no fire,no fire,1.6658153533935547,True
no fire,no fire,0.9264674186706543,True
no fire,no fire,1.2063374519348145,True
dangerous fire,no fire,1.7558565139770508,False
controlled fire,controlled fire,1.6287972927093506,True
controlled fire,controlled fire,1.6611056327819824,True
controlled fire,no fire,1.431445837020874,False
controlled fire,no fire,1.4892792701721191,False
controlled fire,controlled fire,1.6329054832458496,True
controlled fire,no fire,1.4828863143920898,False
no fire,no fire,1.1394994258880615,True
no fire,no fire,1.42887282371521,True
no fire,no fire,1.1083509922027588,True
controlled fire,no fire,1.2306127548217773,False
no fire,no fire,1.4142444133758545,True
controlled fire,controlled fire,1.5237400531768799,True
controlled fire,controlled fire,1.6735568046569824,True
controlled fire,no fire,1.8390352725982666,False
controlled fire,no fire,1.666269302368164,False
no fire,no fire,1.364220142364502,True
no fire,controlled fire,1.6494722366333008,False
controlled fire,no fire,1.3798182010650635,False
controlled fire,controlled fire,1.157423496246338,True
controlled fire,no fire,1.5756571292877197,False
no fire,no fire,1.68864107131958,True
controlled fire,controlled fire,1.7256309986114502,True
controlled fire,no fire,1.0155727863311768,False
controlled fire,no fire,1.5673112869262695,False
controlled fire,controlled fire,1.5521087646484375,True
controlled fire,no fire,1.685089349746704,False
controlled fire,controlled fire,1.6467108726501465,True
controlled fire,no fire,1.1371922492980957,False
controlled fire,no fire,1.0576415061950684,False
no fire,no fire,0.8823437690734863,True
no fire,controlled fire,1.5186028480529785,False
no fire,no fire,1.527033805847168,True
controlled fire,no fire,1.1346981525421143,False
no fire,no fire,1.5896766185760498,True
no fire,no fire,0.7442314624786377,True
no fire,no fire,1.2340171337127686,True
no fire,no fire,1.6266388893127441,True
no fire,no fire,1.5122299194335938,True
controlled fire,no fire,1.6902756690979004,False
no fire,no fire,1.0135066509246826,True
no fire,no fire,1.0621232986450195,True
no fire,no fire,1.688483476638794,True
controlled fire,no fire,1.5567047595977783,False
dangerous fire,dangerous fire,1.7729196548461914,True
controlled fire,controlled fire,1.6662118434906006,True
controlled fire,no fire,1.4106636047363281,False
controlled fire,controlled fire,0.9800002574920654,True
dangerous fire,no fire,1.5587291717529297,False
dangerous fire,controlled fire,1.3174943923950195,False
no fire,no fire,1.6294727325439453,True
controlled fire,no fire,1.727583408355713,False
no fire,no fire,1.591524362564087,True
controlled fire,no fire,1.4687895774841309,False
no fire,controlled fire,1.4167580604553223,False
controlled fire,dangerous fire,1.5074796676635742,False
controlled fire,controlled fire,1.58339524269104,True
no fire,no fire,1.3252332210540771,True
no fire,no fire,1.51118803024292,True
no fire,no fire,1.2015643119812012,True
no fire,no fire,1.2765004634857178,True
no fire,no fire,1.633528470993042,True
controlled fire,no fire,1.2683019638061523,False
controlled fire,no fire,1.4086129665374756,False
controlled fire,controlled fire,1.3768434524536133,True
controlled fire,no fire,1.217482089996338,False
dangerous fire,controlled fire,1.5333242416381836,False
no fire,no fire,1.6139330863952637,True
dangerous fire,no fire,1.71946120262146,False
no fire,no fire,1.9963383674621582,True
controlled fire,no fire,1.8525853157043457,False
controlled fire,no fire,1.4033832550048828,False
controlled fire,controlled fire,3.6456429958343506,True
controlled fire,controlled fire,1.7332499027252197,True
no fire,no fire,1.5141308307647705,True
controlled fire,no fire,1.1535570621490479,False
controlled fire,no fire,1.444500207901001,False
controlled fire,no fire,1.5064260959625244,False
controlled fire,no fire,1.6636016368865967,False
controlled fire,no fire,1.2062244415283203,False
controlled fire,no fire,1.2249903678894043,False
controlled fire,no fire,1.217573642730713,False
no fire,no fire,1.286515474319458,True
no fire,no fire,1.3055856227874756,True
controlled fire,no fire,1.4984211921691895,False
controlled fire,no fire,1.5673387050628662,False
controlled fire,no fire,1.4106595516204834,False
dangerous fire,dangerous fire,1.4605424404144287,True
controlled fire,no fire,1.674952507019043,False
no fire,no fire,1.220597505569458,True
no fire,no fire,1.018568754196167,True
no fire,no fire,1.7353825569152832,True
dangerous fire,dangerous fire,1.275829553604126,True
controlled fire,dangerous fire,1.5873804092407227,False
no fire,no fire,1.472856044769287,True
dangerous fire,controlled fire,0.7613980770111084,False
controlled fire,controlled fire,1.6444880962371826,True
dangerous fire,no fire,1.5053319931030273,False
no fire,no fire,0.8763227462768555,True
no fire,no fire,1.6456279754638672,True
no fire,no fire,1.5429623126983643,True
dangerous fire,no fire,1.5713450908660889,False
no fire,controlled fire,1.4671378135681152,False
controlled fire,no fire,1.2421677112579346,False
no fire,no fire,1.835843563079834,True
no fire,no fire,1.5675771236419678,True
controlled fire,controlled fire,1.4326622486114502,True
controlled fire,no fire,1.05999755859375,False
no fire,no fire,1.836404800415039,True
no fire,no fire,1.8241972923278809,True
controlled fire,no fire,1.651275396347046,False
controlled fire,no fire,0.7546308040618896,False
dangerous fire,no fire,1.4975833892822266,False
controlled fire,no fire,1.1922788619995117,False
controlled fire,no fire,1.306462049484253,False
no fire,dangerous fire,2.055344343185425,False
dangerous fire,controlled fire,1.6583154201507568,False
controlled fire,controlled fire,1.1389992237091064,True
no fire,controlled fire,1.633399248123169,False
no fire,no fire,1.7806050777435303,True
no fire,no fire,1.2226471900939941,True
controlled fire,no fire,1.4042651653289795,False
no fire,no fire,1.2018396854400635,True
dangerous fire,controlled fire,1.7199890613555908,False
dangerous fire,controlled fire,1.5597789287567139,False
no fire,no fire,1.407231092453003,True
no fire,no fire,1.3368194103240967,True
controlled fire,no fire,1.4266409873962402,False
no fire,no fire,1.606706142425537,True
no fire,no fire,1.2179791927337646,True
controlled fire,controlled fire,1.2111260890960693,True
no fire,no fire,1.4099621772766113,True
no fire,no fire,1.559023141860962,True
controlled fire,no fire,1.3221077919006348,False
dangerous fire,no fire,1.401716947555542,False
dangerous fire,dangerous fire,1.6817538738250732,True
controlled fire,dangerous fire,1.5790083408355713,False
controlled fire,no fire,1.2147908210754395,False
no fire,no fire,1.522580862045288,True
no fire,no fire,1.361121416091919,True
controlled fire,controlled fire,1.2177207469940186,True
no fire,no fire,1.8107919692993164,True
controlled fire,controlled fire,1.7812364101409912,True
no fire,no fire,1.6094679832458496,True
controlled fire,controlled fire,1.8278563022613525,True
controlled fire,no fire,1.5502381324768066,False
controlled fire,no fire,1.5936338901519775,False
no fire,controlled fire,1.8073463439941406,False
controlled fire,controlled fire,1.5940382480621338,True
no fire,controlled fire,1.2693848609924316,False
controlled fire,no fire,1.3768017292022705,False
no fire,controlled fire,1.5826926231384277,False
controlled fire,no fire,1.1477696895599365,False
controlled fire,no fire,1.0741636753082275,False
controlled fire,no fire,1.2115883827209473,False
controlled fire,no fire,1.088097095489502,False
controlled fire,no fire,1.350743293762207,False
controlled fire,no fire,1.2598052024841309,False
no fire,no fire,1.5103259086608887,True
dangerous fire,dangerous fire,1.4165713787078857,True
no fire,controlled fire,1.1561262607574463,False
no fire,no fire,1.4952280521392822,True
no fire,no fire,1.1655197143554688,True
dangerous fire,dangerous fire,1.7899222373962402,True
no fire,no fire,0.8920233249664307,True
dangerous fire,controlled fire,1.5693299770355225,False
no fire,dangerous fire,1.0961062908172607,False
controlled fire,controlled fire,1.1744391918182373,True
no fire,no fire,1.416128396987915,True
dangerous fire,dangerous fire,1.3542404174804688,True
no fire,no fire,0.8454914093017578,True
dangerous fire,no fire,1.4760568141937256,False
no fire,no fire,1.4739835262298584,True
dangerous fire,no fire,1.6435022354125977,False
controlled fire,controlled fire,1.473562240600586,True
no fire,no fire,1.4793875217437744,True
controlled fire,controlled fire,1.5835769176483154,True
controlled fire,controlled fire,1.6687088012695312,True
controlled fire,no fire,1.6424944400787354,False
controlled fire,controlled fire,1.565368890762329,True
no fire,no fire,1.319310188293457,True
dangerous fire,dangerous fire,1.6867649555206299,True
controlled fire,controlled fire,1.2959175109863281,True
no fire,no fire,1.7138972282409668,True
no fire,controlled fire,1.1591472625732422,False
controlled fire,no fire,1.6817846298217773,False
no fire,no fire,1.5300860404968262,True
controlled fire,controlled fire,1.8533482551574707,True
no fire,controlled fire,1.557579517364502,False
no fire,controlled fire,1.1296703815460205,False
controlled fire,no fire,1.054091215133667,False
no fire,no fire,1.5740861892700195,True
dangerous fire,controlled fire,1.6745975017547607,False
controlled fire,no fire,1.3559751510620117,False
controlled fire,no fire,1.0087480545043945,False
controlled fire,no fire,1.5555469989776611,False
controlled fire,controlled fire,1.3999571800231934,True
no fire,no fire,1.5694634914398193,True
no fire,no fire,1.5680172443389893,True
controlled fire,no fire,0.8615739345550537,False
controlled fire,controlled fire,1.4941990375518799,True
controlled fire,no fire,1.6997489929199219,False
controlled fire,no fire,1.6147058010101318,False
controlled fire,controlled fire,1.4981801509857178,True
dangerous fire,controlled fire,1.4976840019226074,False
dangerous fire,no fire,1.6502697467803955,False
no fire,no fire,1.4228777885437012,True
controlled fire,no fire,1.3440072536468506,False
controlled fire,no fire,1.538353443145752,False
no fire,no fire,1.0298826694488525,True
no fire,no fire,1.4588596820831299,True
controlled fire,no fire,1.3494210243225098,False
controlled fire,controlled fire,1.707275152206421,True
controlled fire,no fire,1.2216548919677734,False
no fire,no fire,1.342998743057251,True
controlled fire,no fire,1.1436266899108887,False
no fire,no fire,1.2353019714355469,True
no fire,controlled fire,1.2320661544799805,False
no fire,no fire,0.9962668418884277,True
no fire,no fire,1.7496402263641357,True
controlled fire,controlled fire,0.9006862640380859,True
dangerous fire,dangerous fire,1.9363110065460205,True
controlled fire,controlled fire,1.5644595623016357,True
dangerous fire,no fire,1.429765224456787,False
controlled fire,no fire,1.508312463760376,False
controlled fire,controlled fire,1.146418809890747,True
dangerous fire,controlled fire,0.8564913272857666,False
controlled fire,no fire,0.9373593330383301,False
no fire,no fire,1.3595421314239502,True
no fire,controlled fire,1.2137336730957031,False
dangerous fire,controlled fire,1.5413134098052979,False
controlled fire,no fire,1.182325839996338,False
controlled fire,no fire,1.323237657546997,False
no fire,no fire,1.4500982761383057,True
no fire,no fire,1.5190000534057617,True
no fire,no fire,1.409085988998413,True
no fire,no fire,1.179102897644043,True
no fire,no fire,1.5084068775177002,True
controlled fire,controlled fire,1.519587755203247,True
controlled fire,controlled fire,1.7326655387878418,True
no fire,controlled fire,1.2751960754394531,False
no fire,no fire,1.4365568161010742,True
controlled fire,no fire,0.6677498817443848,False
controlled fire,controlled fire,1.6538472175598145,True
controlled fire,dangerous fire,1.656205177307129,False
no fire,no fire,1.643249273300171,True
controlled fire,no fire,1.5732409954071045,False
no fire,no fire,1.85416579246521,True
no fire,no fire,1.0384342670440674,True
no fire,no fire,1.6740055084228516,True
controlled fire,no fire,1.630380392074585,False
dangerous fire,dangerous fire,1.2070696353912354,True
controlled fire,controlled fire,0.8893389701843262,True
dangerous fire,dangerous fire,1.6294596195220947,True
controlled fire,no fire,1.4256095886230469,False
controlled fire,no fire,0.8572402000427246,False
no fire,no fire,1.409470796585083,True
no fire,no fire,1.4178192615509033,True
controlled fire,controlled fire,1.1261560916900635,True
controlled fire,controlled fire,1.1560781002044678,True
no fire,no fire,0.9753358364105225,True
no fire,no fire,1.268270492553711,True
no fire,no fire,1.7073750495910645,True
controlled fire,controlled fire,1.8299310207366943,True
no fire,no fire,1.7244081497192383,True
no fire,no fire,1.6783316135406494,True
controlled fire,no fire,1.5800416469573975,False
controlled fire,controlled fire,1.5994479656219482,True
no fire,no fire,1.0455822944641113,True
dangerous fire,dangerous fire,1.4595787525177002,True
no fire,no fire,1.7758691310882568,True
controlled fire,no fire,1.341799020767212,False
no fire,no fire,1.6963632106781006,True
controlled fire,no fire,1.500556468963623,False
dangerous fire,no fire,1.3810019493103027,False
no fire,no fire,1.849076747894287,True
controlled fire,controlled fire,1.107757806777954,True
controlled fire,controlled fire,1.7832729816436768,True
no fire,no fire,1.4259543418884277,True
controlled fire,controlled fire,1.0901670455932617,True
controlled fire,controlled fire,1.6073613166809082,True
dangerous fire,no fire,1.4874398708343506,False
controlled fire,no fire,1.6043345928192139,False
controlled fire,no fire,1.58026123046875,False
controlled fire,controlled fire,1.4034545421600342,True
no fire,no fire,1.2939364910125732,True
dangerous fire,no fire,1.5002062320709229,False
no fire,no fire,1.6237573623657227,True
controlled fire,no fire,1.658524751663208,False
no fire,no fire,1.7528717517852783,True
no fire,no fire,0.9916374683380127,True
dangerous fire,dangerous fire,1.318812608718872,True
no fire,no fire,1.8331513404846191,True
dangerous fire,no fire,1.6562106609344482,False
controlled fire,controlled fire,1.1225335597991943,True
controlled fire,controlled fire,1.3445165157318115,True
dangerous fire,dangerous fire,1.2616243362426758,True
controlled fire,controlled fire,1.1740891933441162,True
controlled fire,controlled fire,0.6489484310150146,True
no fire,no fire,1.5386481285095215,True
no fire,controlled fire,1.047194004058838,False
no fire,no fire,1.6562418937683105,True
no fire,no fire,1.574152946472168,True
no fire,controlled fire,1.537855625152588,False
no fire,no fire,1.495894193649292,True
no fire,no fire,1.7087862491607666,True
controlled fire,controlled fire,1.6009950637817383,True
controlled fire,no fire,1.7379834651947021,False
dangerous fire,dangerous fire,1.608271598815918,True
no fire,no fire,1.086479663848877,True
controlled fire,no fire,1.5683629512786865,False
controlled fire,controlled fire,0.9191715717315674,True
dangerous fire,dangerous fire,1.7509915828704834,True
no fire,no fire,1.779435396194458,True
controlled fire,no fire,1.6378233432769775,False
controlled fire,no fire,1.5608584880828857,False
controlled fire,no fire,0.9023816585540771,False
controlled fire,controlled fire,1.1003754138946533,True
controlled fire,controlled fire,1.1465694904327393,True
controlled fire,no fire,1.577315092086792,False
no fire,no fire,1.430415391921997,True
no fire,no fire,1.525733470916748,True
controlled fire,no fire,1.4854888916015625,False
no fire,no fire,1.2025866508483887,True
controlled fire,no fire,1.6437678337097168,False
no fire,no fire,1.7331886291503906,True
controlled fire,no fire,1.633561134338379,False
controlled fire,no fire,1.2450840473175049,False
controlled fire,no fire,1.70058012008667,False
controlled fire,no fire,1.314399003982544,False
no fire,controlled fire,1.5459699630737305,False
controlled fire,controlled fire,1.5037956237792969,True
no fire,no fire,1.0301039218902588,True
controlled fire,no fire,1.2629270553588867,False
dangerous fire,controlled fire,1.5227267742156982,False
no fire,no fire,1.3984203338623047,True
no fire,no fire,1.5278337001800537,True
controlled fire,no fire,1.6267523765563965,False
controlled fire,controlled fire,1.298926830291748,True
controlled fire,no fire,1.4488601684570312,False
no fire,no fire,1.5941777229309082,True
no fire,no fire,1.4240388870239258,True
controlled fire,controlled fire,1.0562174320220947,True
no fire,no fire,1.1514317989349365,True
dangerous fire,controlled fire,1.533205509185791,False
no fire,no fire,1.4919276237487793,True
controlled fire,no fire,1.7156152725219727,False
controlled fire,no fire,1.68994140625,False
controlled fire,no fire,1.4418666362762451,False
controlled fire,controlled fire,1.8591773509979248,True
controlled fire,no fire,1.700690507888794,False
controlled fire,controlled fire,1.6065309047698975,True
controlled fire,no fire,1.3678898811340332,False
controlled fire,no fire,0.9399218559265137,False
controlled fire,controlled fire,1.217444658279419,True
dangerous fire,dangerous fire,1.5861091613769531,True
controlled fire,dangerous fire,1.5991582870483398,False
controlled fire,controlled fire,1.6990816593170166,True
controlled fire,no fire,1.168125867843628,False
controlled fire,no fire,0.8903770446777344,False
no fire,no fire,1.9369738101959229,True
controlled fire,controlled fire,1.680067777633667,True
dangerous fire,dangerous fire,1.570892333984375,True
controlled fire,no fire,1.0429682731628418,False
dangerous fire,controlled fire,1.7108078002929688,False
no fire,no fire,1.4414000511169434,True
dangerous fire,no fire,1.601858377456665,False
controlled fire,no fire,1.4218363761901855,False
controlled fire,no fire,1.436673879623413,False
no fire,no fire,1.7791721820831299,True
no fire,no fire,1.3064379692077637,True
no fire,no fire,1.439314842224121,True
dangerous fire,no fire,1.7218565940856934,False
controlled fire,no fire,1.4990594387054443,False
controlled fire,controlled fire,1.1957519054412842,True
controlled fire,no fire,1.4138259887695312,False
no fire,no fire,0.9284744262695312,True
controlled fire,no fire,1.1736979484558105,False
controlled fire,controlled fire,1.5465450286865234,True
controlled fire,controlled fire,1.6124444007873535,True
no fire,no fire,1.706308364868164,True
no fire,no fire,1.2291946411132812,True
controlled fire,controlled fire,1.469146490097046,True
controlled fire,no fire,1.0347568988800049,False
no fire,no fire,1.680546522140503,True
controlled fire,no fire,1.6928744316101074,False
controlled fire,no fire,1.7399373054504395,False
no fire,no fire,1.5531513690948486,True
dangerous fire,dangerous fire,1.252051591873169,True
controlled fire,controlled fire,1.039612054824829,True
controlled fire,dangerous fire,1.2360622882843018,False
controlled fire,no fire,1.1254210472106934,False
controlled fire,no fire,1.4310331344604492,False
controlled fire,no fire,1.188455581665039,False
controlled fire,no fire,3.467594861984253,False
controlled fire,no fire,1.9328062534332275,False
no fire,no fire,1.0838937759399414,True
controlled fire,controlled fire,1.6294384002685547,True
no fire,controlled fire,1.1377670764923096,False
no fire,no fire,1.6029853820800781,True
no fire,no fire,1.2841191291809082,True
dangerous fire,dangerous fire,1.261596918106079,True
controlled fire,no fire,1.4192183017730713,False
controlled fire,controlled fire,1.7576208114624023,True
controlled fire,dangerous fire,1.7400383949279785,False
controlled fire,no fire,1.501359462738037,False
no fire,no fire,1.4413611888885498,True
dangerous fire,no fire,1.8313817977905273,False
controlled fire,controlled fire,1.7806096076965332,True
controlled fire,controlled fire,1.2798633575439453,True
controlled fire,controlled fire,1.5280392169952393,True
controlled fire,no fire,1.311415433883667,False
no fire,no fire,1.8879776000976562,True
no fire,no fire,1.2672667503356934,True
controlled fire,no fire,1.1314079761505127,False
no fire,no fire,1.7731657028198242,True
dangerous fire,no fire,1.37432861328125,False
dangerous fire,dangerous fire,1.2517249584197998,True
no fire,no fire,1.152759313583374,True
no fire,controlled fire,1.3537828922271729,False
no fire,no fire,1.6651089191436768,True
controlled fire,no fire,1.319563627243042,False
controlled fire,no fire,1.4486072063446045,False
dangerous fire,no fire,1.1477463245391846,False
no fire,no fire,1.4294445514678955,True
no fire,no fire,1.84730863571167,True
controlled fire,no fire,1.4558486938476562,False
no fire,no fire,1.6119606494903564,True
controlled fire,controlled fire,1.2090051174163818,True
dangerous fire,controlled fire,1.6011743545532227,False
no fire,no fire,1.6344304084777832,True
controlled fire,no fire,1.486807107925415,False
no fire,no fire,1.353379487991333,True
controlled fire,controlled fire,1.6734044551849365,True
controlled fire,controlled fire,0.8418724536895752,True
no fire,no fire,1.6566126346588135,True
no fire,no fire,1.3353080749511719,True
no fire,no fire,1.6416950225830078,True
no fire,no fire,1.2424476146697998,True
controlled fire,controlled fire,1.1340045928955078,True
controlled fire,no fire,1.1007633209228516,False
controlled fire,no fire,1.2907171249389648,False
controlled fire,controlled fire,1.271592378616333,True
no fire,no fire,1.0674026012420654,True
dangerous fire,no fire,1.8423383235931396,False
controlled fire,no fire,1.286841630935669,False
controlled fire,controlled fire,1.9532318115234375,True
dangerous fire,controlled fire,1.6808545589447021,False
no fire,no fire,1.1774828433990479,True
controlled fire,no fire,1.4664993286132812,False
controlled fire,no fire,1.7380094528198242,False
dangerous fire,dangerous fire,1.7516424655914307,True
controlled fire,no fire,1.662214994430542,False
no fire,no fire,1.4785799980163574,True
controlled fire,no fire,1.6173388957977295,False
no fire,no fire,1.3874537944793701,True
controlled fire,no fire,1.626819372177124,False
no fire,no fire,1.591585636138916,True
no fire,no fire,1.3593730926513672,True
controlled fire,no fire,1.6245143413543701,False
controlled fire,no fire,1.459862232208252,False
controlled fire,controlled fire,1.4979326725006104,True
controlled fire,no fire,0.7654993534088135,False
no fire,controlled fire,1.2112116813659668,False
controlled fire,no fire,1.392301082611084,False
controlled fire,no fire,1.114455223083496,False
no fire,no fire,1.3337054252624512,True
controlled fire,no fire,1.7744393348693848,False
controlled fire,no fire,1.1419970989227295,False
dangerous fire,controlled fire,1.627506971359253,False
controlled fire,no fire,1.4399504661560059,False
dangerous fire,controlled fire,1.4268455505371094,False
controlled fire,no fire,1.3486268520355225,False
no fire,no fire,0.9997751712799072,True
dangerous fire,controlled fire,1.8174715042114258,False
controlled fire,controlled fire,1.4417901039123535,True
dangerous fire,controlled fire,1.4898645877838135,False
no fire,no fire,0.9597980976104736,True
controlled fire,no fire,1.6326963901519775,False
controlled fire,no fire,1.1621687412261963,False
no fire,no fire,0.9701764583587646,True
no fire,no fire,1.6406588554382324,True
controlled fire,controlled fire,1.2361295223236084,True
controlled fire,controlled fire,1.6161575317382812,True
no fire,no fire,0.8349630832672119,True
dangerous fire,dangerous fire,1.615454912185669,True
controlled fire,no fire,1.6825664043426514,False
no fire,no fire,1.457190752029419,True
controlled fire,controlled fire,1.43495512008667,True
controlled fire,controlled fire,1.582399606704712,True
no fire,no fire,1.4613399505615234,True
controlled fire,controlled fire,1.5337066650390625,True
no fire,no fire,1.3648326396942139,True
controlled fire,no fire,1.0645534992218018,False
controlled fire,controlled fire,1.0965626239776611,True
controlled fire,no fire,1.0645813941955566,False
no fire,no fire,1.2335929870605469,True
controlled fire,no fire,1.470813274383545,False
controlled fire,controlled fire,1.583390235900879,True
no fire,no fire,1.791003704071045,True
controlled fire,controlled fire,1.4726874828338623,True
controlled fire,controlled fire,1.6924080848693848,True
dangerous fire,dangerous fire,1.5756261348724365,True
dangerous fire,dangerous fire,1.8657751083374023,True
dangerous fire,no fire,1.3557391166687012,False
no fire,no fire,1.7501535415649414,True
no fire,no fire,1.797712802886963,True
controlled fire,no fire,1.7878761291503906,False
controlled fire,no fire,1.7972428798675537,False
controlled fire,controlled fire,1.784020185470581,True
no fire,no fire,1.8249573707580566,True
dangerous fire,no fire,1.864081621170044,False
no fire,controlled fire,1.6311888694763184,False
no fire,controlled fire,1.1230599880218506,False
controlled fire,no fire,1.6168980598449707,False
controlled fire,no fire,1.5781595706939697,False
controlled fire,controlled fire,1.2572004795074463,True
dangerous fire,no fire,1.1624348163604736,False
controlled fire,controlled fire,1.6735711097717285,True
no fire,no fire,1.0339953899383545,True
no fire,no fire,1.4950494766235352,True
controlled fire,no fire,1.4621305465698242,False
dangerous fire,controlled fire,1.5829672813415527,False
controlled fire,controlled fire,1.0561623573303223,True
no fire,no fire,1.0290536880493164,True
controlled fire,no fire,1.7128376960754395,False
controlled fire,controlled fire,1.5651865005493164,True
dangerous fire,no fire,1.399705171585083,False
dangerous fire,no fire,1.5271027088165283,False
no fire,no fire,1.2769525051116943,True
controlled fire,no fire,1.3023147583007812,False
controlled fire,no fire,0.9416074752807617,False
no fire,no fire,1.7869267463684082,True
no fire,no fire,1.7238731384277344,True
no fire,no fire,1.0412893295288086,True
controlled fire,controlled fire,1.1784586906433105,True
controlled fire,controlled fire,2.0052807331085205,True
no fire,no fire,1.7592220306396484,True
controlled fire,controlled fire,1.308924913406372,True
no fire,no fire,1.5755555629730225,True
controlled fire,no fire,0.8068115711212158,False
controlled fire,controlled fire,1.485642671585083,True
controlled fire,dangerous fire,1.857119083404541,False
controlled fire,no fire,1.8351819515228271,False
no fire,controlled fire,1.2118613719940186,False
controlled fire,no fire,1.3612940311431885,False
no fire,controlled fire,1.3805983066558838,False
controlled fire,no fire,1.7140040397644043,False
controlled fire,no fire,0.9117951393127441,False
no fire,no fire,1.6563849449157715,True
controlled fire,no fire,1.1500096321105957,False
dangerous fire,dangerous fire,1.533144474029541,True
controlled fire,no fire,1.567603588104248,False
no fire,no fire,1.6810507774353027,True
controlled fire,no fire,1.1985688209533691,False
controlled fire,controlled fire,1.6674861907958984,True
controlled fire,no fire,0.9956643581390381,False
controlled fire,controlled fire,1.2948882579803467,True
no fire,no fire,1.7603330612182617,True
no fire,no fire,1.1294081211090088,True
controlled fire,no fire,1.326857089996338,False
dangerous fire,no fire,1.6759138107299805,False
controlled fire,no fire,0.962815523147583,False
no fire,no fire,1.0154078006744385,True
controlled fire,no fire,1.6926779747009277,False
controlled fire,dangerous fire,1.6273744106292725,False
controlled fire,controlled fire,1.4068987369537354,True
controlled fire,controlled fire,1.073218822479248,True
controlled fire,controlled fire,1.675628900527954,True
no fire,no fire,1.695540189743042,True
no fire,no fire,1.022942304611206,True
controlled fire,no fire,1.464601993560791,False
dangerous fire,controlled fire,1.5777676105499268,False
controlled fire,no fire,1.0617668628692627,False
controlled fire,no fire,1.4964792728424072,False
controlled fire,controlled fire,1.4999887943267822,True
dangerous fire,controlled fire,1.6707649230957031,False
no fire,no fire,1.3255462646484375,True
controlled fire,no fire,1.0733964443206787,False
controlled fire,no fire,1.3427095413208008,False
no fire,no fire,1.2003026008605957,True
controlled fire,no fire,0.7339012622833252,False
controlled fire,controlled fire,1.7556867599487305,True
no fire,no fire,1.508805513381958,True
dangerous fire,no fire,1.2779881954193115,False
controlled fire,controlled fire,0.9211311340332031,True
controlled fire,controlled fire,1.598327398300171,True
dangerous fire,no fire,1.5749258995056152,False
no fire,controlled fire,1.6755244731903076,False
no fire,no fire,1.4804973602294922,True
no fire,no fire,1.5678722858428955,True
controlled fire,controlled fire,1.7786054611206055,True
controlled fire,controlled fire,1.6823792457580566,True
no fire,no fire,0.9268224239349365,True
controlled fire,no fire,0.9670662879943848,False
controlled fire,controlled fire,1.7099246978759766,True
controlled fire,no fire,1.3114774227142334,False
no fire,no fire,1.8634190559387207,True
controlled fire,no fire,1.2801475524902344,False
dangerous fire,controlled fire,1.162757396697998,False
controlled fire,no fire,1.3779146671295166,False
no fire,controlled fire,1.5231130123138428,False
no fire,no fire,1.5244593620300293,True
controlled fire,no fire,1.6616661548614502,False
controlled fire,no fire,1.3838584423065186,False
dangerous fire,no fire,1.7337510585784912,False
controlled fire,controlled fire,1.8484036922454834,True
controlled fire,no fire,1.4124031066894531,False
controlled fire,controlled fire,1.4524414539337158,True
no fire,no fire,1.6406824588775635,True
controlled fire,no fire,1.1380608081817627,False
no fire,no fire,1.2253570556640625,True
controlled fire,controlled fire,1.6551158428192139,True
controlled fire,controlled fire,1.79404878616333,True
controlled fire,no fire,1.2176551818847656,False
no fire,no fire,1.145714521408081,True
controlled fire,controlled fire,1.2548882961273193,True
dangerous fire,controlled fire,1.5930633544921875,False
no fire,no fire,1.421654224395752,True
controlled fire,controlled fire,1.232393503189087,True
dangerous fire,dangerous fire,1.847810983657837,True
no fire,no fire,1.9157845973968506,True
controlled fire,controlled fire,1.9099371433258057,True
controlled fire,controlled fire,1.2823076248168945,True
controlled fire,no fire,1.8952140808105469,False
controlled fire,no fire,1.3214795589447021,False
no fire,no fire,1.620985984802246,True
no fire,no fire,1.8823938369750977,True
controlled fire,no fire,1.1616733074188232,False
no fire,no fire,1.9302165508270264,True
controlled fire,no fire,1.6317517757415771,False
controlled fire,no fire,1.9017586708068848,False
no fire,no fire,1.5550248622894287,True
dangerous fire,no fire,1.7981369495391846,False
controlled fire,controlled fire,1.4396028518676758,True
controlled fire,controlled fire,1.7350869178771973,True
controlled fire,controlled fire,1.6916582584381104,True
dangerous fire,dangerous fire,1.9032881259918213,True
no fire,no fire,1.4914188385009766,True
controlled fire,no fire,1.2759490013122559,False
controlled fire,no fire,0.8773758411407471,False
controlled fire,no fire,1.6264734268188477,False
controlled fire,controlled fire,1.7928743362426758,True
controlled fire,controlled fire,1.2183144092559814,True
controlled fire,controlled fire,1.6866717338562012,True
controlled fire,no fire,1.4604077339172363,False
controlled fire,no fire,1.4523074626922607,False
no fire,no fire,1.7837791442871094,True
no fire,no fire,1.8559596538543701,True
controlled fire,no fire,1.4387688636779785,False
controlled fire,no fire,1.9450762271881104,False
controlled fire,dangerous fire,1.8895368576049805,False
controlled fire,controlled fire,2.00419020652771,True
controlled fire,no fire,1.7827470302581787,False
controlled fire,dangerous fire,1.8168346881866455,False
controlled fire,no fire,1.6538512706756592,False
no fire,no fire,1.7953221797943115,True
dangerous fire,controlled fire,1.6864116191864014,False
no fire,no fire,1.1491658687591553,True
no fire,no fire,1.180657148361206,True
dangerous fire,no fire,1.35853910446167,False
controlled fire,no fire,1.4534111022949219,False
controlled fire,controlled fire,1.9354238510131836,True
no fire,no fire,1.9423866271972656,True
no fire,no fire,1.6455771923065186,True
controlled fire,no fire,1.4198393821716309,False
no fire,no fire,1.3382444381713867,True
no fire,controlled fire,1.513885259628296,False
controlled fire,controlled fire,0.9663169384002686,True
controlled fire,controlled fire,1.4795846939086914,True
controlled fire,controlled fire,1.856539011001587,True
controlled fire,no fire,0.942603588104248,False
dangerous fire,no fire,1.2738759517669678,False
no fire,no fire,1.2165329456329346,True
dangerous fire,no fire,2.13204288482666,False
controlled fire,no fire,1.9507932662963867,False
controlled fire,controlled fire,1.757850170135498,True
dangerous fire,controlled fire,1.9577388763427734,False
controlled fire,no fire,1.2259771823883057,False
no fire,controlled fire,1.5386419296264648,False
no fire,no fire,1.9927923679351807,True
controlled fire,no fire,1.3982887268066406,False
no fire,no fire,1.997725486755371,True
no fire,no fire,1.1301753520965576,True
no fire,no fire,1.4042577743530273,True
controlled fire,controlled fire,1.8766589164733887,True
no fire,no fire,1.1849446296691895,True
controlled fire,controlled fire,1.6047732830047607,True
no fire,no fire,1.7166047096252441,True
no fire,no fire,1.4063048362731934,True
no fire,controlled fire,1.0094034671783447,False
no fire,controlled fire,1.323028326034546,False
controlled fire,controlled fire,1.821274757385254,True
controlled fire,no fire,1.7776618003845215,False
no fire,no fire,1.1652910709381104,True
controlled fire,no fire,1.6445958614349365,False
no fire,no fire,1.801849365234375,True
no fire,no fire,1.839280366897583,True
controlled fire,no fire,1.860649824142456,False
no fire,no fire,1.5851991176605225,True
no fire,no fire,1.5319876670837402,True
no fire,controlled fire,1.3604662418365479,False
no fire,no fire,0.8608767986297607,True
controlled fire,controlled fire,1.1953251361846924,True
no fire,controlled fire,1.4200851917266846,False
no fire,no fire,1.1759114265441895,True
no fire,no fire,1.0175728797912598,True
controlled fire,controlled fire,1.162116527557373,True
controlled fire,controlled fire,0.839280366897583,True
controlled fire,no fire,0.7700352668762207,False
no fire,no fire,1.0474791526794434,True
no fire,no fire,1.0659003257751465,True
controlled fire,controlled fire,0.8797042369842529,True
controlled fire,controlled fire,0.7704708576202393,True
controlled fire,no fire,0.933969259262085,False
no fire,no fire,0.8806571960449219,True
